{
    "loss": 0.6540777683258057,
    "accuracy": 0.8534482717514038
}